Instance,Terminal,Layer,X location,Y location,Voltage
FILLER_17_144,VSS,Metal1,75.8280,82.7830,0.000008
FILLER_17_137,VSS,Metal1,73.2060,82.6990,0.000008
FILLER_17_130,VSS,Metal1,69.8460,82.6990,0.000008
FILLER_17_123,VSS,Metal1,66.4860,82.6990,0.000008
FILLER_17_117,VSS,Metal1,62.4000,83.1600,0.000008
FILLER_17_84,VSS,Metal1,46.3200,83.1600,0.000007
FILLER_17_77,VSS,Metal1,44.4060,82.6990,0.000007
FILLER_17_70,VSS,Metal1,41.0460,82.6990,0.000007
FILLER_17_53,VSS,Metal1,31.4400,83.1600,0.000006
FILLER_17_49,VSS,Metal1,30.2280,82.7830,0.000006
FILLER_17_42,VSS,Metal1,27.6060,82.6990,0.000006
FILLER_17_35,VSS,Metal1,24.2460,82.6990,0.000006
FILLER_17_28,VSS,Metal1,20.8860,82.6990,0.000006
FILLER_17_21,VSS,Metal1,17.5260,82.6990,0.000006
FILLER_17_14,VSS,Metal1,14.1660,82.6990,0.000006
FILLER_17_7,VSS,Metal1,10.8060,82.6990,0.000006
FILLER_17_0,VSS,Metal1,7.4460,82.6990,0.000006
FILLER_16_147,VSS,Metal1,76.5600,75.6000,0.000181
FILLER_16_143,VSS,Metal1,75.3480,75.9760,0.000181
FILLER_16_136,VSS,Metal1,72.7260,76.0600,0.000181
FILLER_16_129,VSS,Metal1,69.3660,76.0600,0.000181
FILLER_16_122,VSS,Metal1,66.0060,76.0600,0.000181
FILLER_16_88,VSS,Metal1,48.4800,75.6000,0.000179
FILLER_16_32,VSS,Metal1,21.6000,75.6000,0.000179
FILLER_16_28,VSS,Metal1,20.1480,75.9760,0.000179
FILLER_16_21,VSS,Metal1,17.5260,76.0600,0.000179
FILLER_16_14,VSS,Metal1,14.1660,76.0600,0.000179
FILLER_16_7,VSS,Metal1,10.8060,76.0600,0.000179
FILLER_16_0,VSS,Metal1,7.4460,76.0600,0.000179
FILLER_15_136,VSS,Metal1,71.9880,75.2230,0.000181
FILLER_15_129,VSS,Metal1,69.3660,75.1390,0.000181
FILLER_15_24,VSS,Metal1,18.2280,75.2230,0.000179
FILLER_15_17,VSS,Metal1,15.6060,75.1390,0.000179
FILLER_15_11,VSS,Metal1,11.5200,75.6000,0.000179
FILLER_15_7,VSS,Metal1,10.0680,75.2230,0.000179
FILLER_15_0,VSS,Metal1,7.4460,75.1390,0.000179
FILLER_14_139,VSS,Metal1,72.7200,68.0400,0.000703
FILLER_14_137,VSS,Metal1,72.0000,68.0400,0.000703
FILLER_14_78,VSS,Metal1,43.4400,68.0400,0.000701
FILLER_14_74,VSS,Metal1,42.2280,68.4160,0.000701
FILLER_14_2,VSS,Metal1,6.9600,68.0400,0.000697
FILLER_14_0,VSS,Metal1,6.2400,68.0400,0.000697
FILLER_13_147,VSS,Metal1,76.5600,68.0400,0.000703
FILLER_13_66,VSS,Metal1,37.6800,68.0400,0.000694
FILLER_13_34,VSS,Metal1,22.3200,68.0400,0.000697
FILLER_13_6,VSS,Metal1,8.8800,68.0400,0.000697
FILLER_13_4,VSS,Metal1,8.1600,68.0400,0.000697
FILLER_12_120,VSS,Metal1,63.6000,60.4800,0.000191
FILLER_12_118,VSS,Metal1,62.8800,60.4800,0.000191
FILLER_12_101,VSS,Metal1,54.4800,60.4800,0.000188
FILLER_12_87,VSS,Metal1,48.0000,60.4800,0.000153
FILLER_12_12,VSS,Metal1,11.7600,60.4800,0.000152
FILLER_11_147,VSS,Metal1,76.5600,60.4800,0.000193
FILLER_11_145,VSS,Metal1,75.8400,60.4800,0.000193
FILLER_11_98,VSS,Metal1,53.0400,60.4800,0.000188
FILLER_11_96,VSS,Metal1,52.3200,60.4800,0.000188
FILLER_11_0,VSS,Metal1,6.2400,60.4800,0.000152
FILLER_10_147,VSS,Metal1,76.5600,52.9200,0.000300
FILLER_10_92,VSS,Metal1,50.4000,52.9200,0.000276
FILLER_10_70,VSS,Metal1,39.8400,52.9200,0.000272
FILLER_10_53,VSS,Metal1,31.4400,52.9200,0.000261
FILLER_10_4,VSS,Metal1,8.1600,52.9200,0.000262
FILLER_9_146,VSS,Metal1,76.3200,52.9200,0.000300
FILLER_9_106,VSS,Metal1,56.8800,52.9200,0.000280
FILLER_9_104,VSS,Metal1,56.1600,52.9200,0.000280
FILLER_9_73,VSS,Metal1,41.2800,52.9200,0.000275
FILLER_9_4,VSS,Metal1,8.1600,52.9200,0.000262
FILLER_8_147,VSS,Metal1,76.5600,45.3600,0.000380
FILLER_8_99,VSS,Metal1,53.5200,45.3600,0.000378
FILLER_8_59,VSS,Metal1,34.3200,45.3600,0.000371
FILLER_8_52,VSS,Metal1,31.2000,45.3600,0.000366
FILLER_8_46,VSS,Metal1,28.0800,45.3600,0.000366
FILLER_8_28,VSS,Metal1,19.6800,45.3600,0.000362
FILLER_8_6,VSS,Metal1,8.8800,45.3600,0.000362
FILLER_8_4,VSS,Metal1,8.1600,45.3600,0.000362
FILLER_7_127,VSS,Metal1,67.2000,45.3600,0.000380
FILLER_7_71,VSS,Metal1,40.3200,45.3600,0.000372
FILLER_7_43,VSS,Metal1,26.8800,45.3600,0.000363
FILLER_7_0,VSS,Metal1,6.2400,45.3600,0.000362
FILLER_6_146,VSS,Metal1,76.3200,37.8000,0.000512
FILLER_6_108,VSS,Metal1,58.0800,37.8000,0.000510
FILLER_6_4,VSS,Metal1,8.1600,37.8000,0.000446
FILLER_5_116,VSS,Metal1,61.6800,37.8000,0.000510
FILLER_5_106,VSS,Metal1,56.8800,37.8000,0.000509
FILLER_5_104,VSS,Metal1,56.1600,37.8000,0.000509
FILLER_5_56,VSS,Metal1,32.8800,37.8000,0.000492
FILLER_5_54,VSS,Metal1,32.1600,37.8000,0.000489
FILLER_5_6,VSS,Metal1,8.8800,37.8000,0.000446
FILLER_5_4,VSS,Metal1,8.1600,37.8000,0.000446
FILLER_4_147,VSS,Metal1,76.5600,30.2400,0.000542
FILLER_4_119,VSS,Metal1,63.3600,30.2400,0.000542
FILLER_4_0,VSS,Metal1,6.0000,30.2400,0.000478
FILLER_3_135,VSS,Metal1,70.8000,30.2400,0.000542
FILLER_3_133,VSS,Metal1,70.0800,30.2400,0.000542
FILLER_3_105,VSS,Metal1,56.4000,30.2400,0.000538
FILLER_3_103,VSS,Metal1,55.6800,30.2400,0.000538
FILLER_3_46,VSS,Metal1,28.0800,30.2400,0.000454
FILLER_3_4,VSS,Metal1,7.9200,30.2400,0.000478
FILLER_2_132,VSS,Metal1,70.0680,23.0560,0.000211
FILLER_2_67,VSS,Metal1,38.4000,22.6800,0.000210
FILLER_2_39,VSS,Metal1,24.9600,22.6800,0.000206
FILLER_2_30,VSS,Metal1,20.6400,22.6800,0.000206
FILLER_1_139,VSS,Metal1,72.7200,22.6800,0.000211
FILLER_1_132,VSS,Metal1,70.8060,22.2190,0.000211
FILLER_1_125,VSS,Metal1,67.4460,22.2190,0.000211
FILLER_1_118,VSS,Metal1,64.0860,22.2190,0.000211
FILLER_1_100,VSS,Metal1,55.4460,22.2190,0.000210
FILLER_1_93,VSS,Metal1,52.0860,22.2190,0.000210
FILLER_1_22,VSS,Metal1,16.5600,22.6800,0.000206
FILLER_1_18,VSS,Metal1,15.3480,22.3030,0.000206
FILLER_1_11,VSS,Metal1,12.7260,22.2190,0.000206
FILLER_1_4,VSS,Metal1,9.3660,22.2190,0.000206
FILLER_0_144,VSS,Metal1,75.8280,15.4960,0.000056
FILLER_0_137,VSS,Metal1,73.2060,15.5800,0.000056
FILLER_0_130,VSS,Metal1,69.8460,15.5800,0.000056
FILLER_0_123,VSS,Metal1,66.4860,15.5800,0.000056
FILLER_0_116,VSS,Metal1,63.1260,15.5800,0.000056
FILLER_0_109,VSS,Metal1,59.7660,15.5800,0.000056
FILLER_0_102,VSS,Metal1,56.4060,15.5800,0.000056
FILLER_0_95,VSS,Metal1,53.0460,15.5800,0.000056
FILLER_0_88,VSS,Metal1,49.6860,15.5800,0.000056
FILLER_0_75,VSS,Metal1,42.7080,15.4960,0.000056
FILLER_0_69,VSS,Metal1,39.1200,15.1200,0.000056
FILLER_0_59,VSS,Metal1,34.5600,15.1200,0.000056
FILLER_0_23,VSS,Metal1,17.0400,15.1200,0.000056
FILLER_0_21,VSS,Metal1,16.3200,15.1200,0.000056
FILLER_0_14,VSS,Metal1,14.1660,15.5800,0.000056
FILLER_0_7,VSS,Metal1,10.8060,15.5800,0.000056
FILLER_0_0,VSS,Metal1,7.4460,15.5800,0.000056
hold47,VSS,Metal1,53.4780,52.7120,0.000280
hold46,VSS,Metal1,53.5610,37.5920,0.000509
hold45,VSS,Metal1,57.7980,45.1520,0.000380
hold44,VSS,Metal1,33.8810,53.1270,0.000266
hold43,VSS,Metal1,45.3180,60.6870,0.000153
hold42,VSS,Metal1,57.4010,22.8870,0.000210
hold41,VSS,Metal1,45.8810,15.3270,0.000056
hold40,VSS,Metal1,40.1210,30.0320,0.000519
hold39,VSS,Metal1,48.2810,30.4470,0.000537
hold38,VSS,Metal1,59.3210,37.5920,0.000510
hold37,VSS,Metal1,66.0410,30.4470,0.000542
hold36,VSS,Metal1,28.1210,75.8070,0.000178
hold35,VSS,Metal1,35.3210,67.8320,0.000693
hold34,VSS,Metal1,51.1610,75.8070,0.000179
hold33,VSS,Metal1,61.7210,75.3920,0.000180
hold32,VSS,Metal1,24.7610,67.8320,0.000692
hold31,VSS,Metal1,17.4780,60.6870,0.000152
hold30,VSS,Metal1,21.7980,60.6870,0.000151
hold29,VSS,Metal1,17.5610,60.2720,0.000152
hold28,VSS,Metal1,52.6010,82.9520,0.000007
hold27,VSS,Metal1,62.2010,75.8070,0.000180
hold26,VSS,Metal1,53.0810,67.8320,0.000701
hold25,VSS,Metal1,35.8010,22.8870,0.000207
hold24,VSS,Metal1,30.5210,30.0320,0.000461
hold23,VSS,Metal1,60.2810,60.6870,0.000191
hold22,VSS,Metal1,72.2810,67.8320,0.000703
hold21,VSS,Metal1,26.2010,60.6870,0.000151
hold20,VSS,Metal1,39.1610,68.2470,0.000701
hold19,VSS,Metal1,44.4410,75.3920,0.000179
hold18,VSS,Metal1,13.1580,60.2720,0.000152
hold17,VSS,Metal1,60.6780,38.0070,0.000510
hold16,VSS,Metal1,70.3610,30.4470,0.000542
hold15,VSS,Metal1,27.1610,37.5920,0.000447
hold14,VSS,Metal1,22.3610,45.5670,0.000362
hold13,VSS,Metal1,16.9980,45.5670,0.000362
hold12,VSS,Metal1,61.7210,60.2720,0.000191
hold11,VSS,Metal1,74.2010,53.1270,0.000300
hold10,VSS,Metal1,64.6010,45.1520,0.000380
hold9,VSS,Metal1,74.6810,45.1520,0.000380
hold8,VSS,Metal1,23.3210,30.0320,0.000450
hold7,VSS,Metal1,17.9580,22.8870,0.000206
hold6,VSS,Metal1,23.8010,38.0070,0.000445
hold5,VSS,Metal1,16.5180,37.5920,0.000445
hold4,VSS,Metal1,21.7980,60.2720,0.000151
hold3,VSS,Metal1,73.2410,60.2720,0.000193
hold2,VSS,Metal1,65.0810,45.5670,0.000380
hold1,VSS,Metal1,74.2010,45.5670,0.000380
clkload2,VSS,Metal1,64.7650,75.3870,0.000181
clkload1,VSS,Metal1,23.0050,68.2520,0.000693
clkload0,VSS,Metal1,10.1150,37.5870,0.000446
clkbuf_2_3__f_clk,VSS,Metal1,64.7570,68.3420,0.000703
clkbuf_2_2__f_clk,VSS,Metal1,30.1970,67.7370,0.000692
clkbuf_2_1__f_clk,VSS,Metal1,59.5620,30.5420,0.000542
clkbuf_2_0__f_clk,VSS,Metal1,21.6420,37.4970,0.000445
clkbuf_0_clk,VSS,Metal1,43.7220,45.6620,0.000376
B\[11\]$_SDFFE_PP1P__40,VSS,Metal1,31.6450,52.7850,0.000263
output39,VSS,Metal1,75.8050,22.8920,0.000211
output38,VSS,Metal1,6.7550,30.0270,0.000478
output37,VSS,Metal1,75.8050,30.0270,0.000542
output36,VSS,Metal1,75.8050,75.3870,0.000181
output35,VSS,Metal1,34.5250,82.9470,0.000006
output34,VSS,Metal1,7.7150,45.1470,0.000362
output33,VSS,Metal1,71.9650,22.8920,0.000211
output32,VSS,Metal1,75.3250,67.8270,0.000703
output31,VSS,Metal1,6.7550,52.7070,0.000262
output30,VSS,Metal1,33.1550,15.3320,0.000056
output29,VSS,Metal1,60.9950,82.9470,0.000008
output28,VSS,Metal1,8.6750,60.6920,0.000152
output27,VSS,Metal1,73.8850,22.8920,0.000211
output26,VSS,Metal1,6.7550,60.6920,0.000152
output25,VSS,Metal1,8.6750,22.8920,0.000206
output24,VSS,Metal1,73.8850,75.3870,0.000181
output23,VSS,Metal1,63.8750,82.9470,0.000008
output22,VSS,Metal1,36.4450,82.9470,0.000007
output21,VSS,Metal1,6.7550,37.5870,0.000446
output20,VSS,Metal1,73.8850,22.4670,0.000211
output19,VSS,Metal1,75.8050,37.5870,0.000512
output18,VSS,Metal1,6.7550,45.5720,0.000362
output17,VSS,Metal1,71.9650,30.0270,0.000542
output16,VSS,Metal1,47.4850,82.9470,0.000007
output15,VSS,Metal1,18.2050,15.3320,0.000056
output14,VSS,Metal1,6.7550,67.8270,0.000697
output13,VSS,Metal1,6.7550,22.8920,0.000206
output12,VSS,Metal1,75.3250,30.4520,0.000542
output11,VSS,Metal1,75.8050,68.2520,0.000703
output10,VSS,Metal1,32.6050,82.9470,0.000006
output9,VSS,Metal1,6.7550,38.0120,0.000446
output8,VSS,Metal1,75.8050,22.4670,0.000211
output7,VSS,Metal1,73.8850,68.2520,0.000703
output6,VSS,Metal1,6.7550,53.1320,0.000262
output5,VSS,Metal1,73.8850,30.0270,0.000542
output4,VSS,Metal1,59.0750,82.9470,0.000008
output3,VSS,Metal1,6.7550,22.4670,0.000206
input2,VSS,Metal1,37.8850,15.3320,0.000056
input1,VSS,Metal1,35.9650,15.3320,0.000056
dbit\[1\]$_SDFFE_PP1P__67,VSS,Metal1,42.6850,52.7850,0.000275
BN\[10\]$_SDFFE_PP1P__66,VSS,Metal1,37.8850,75.4650,0.000179
B\[1\]$_SDFFE_PP1P__65,VSS,Metal1,10.5250,60.6150,0.000152
BN\[11\]$_SDFFE_PP1P__64,VSS,Metal1,61.4750,22.5450,0.000211
B\[8\]$_SDFFE_PP1P__63,VSS,Metal1,7.1650,30.3750,0.000478
BN\[1\]$_SDFFE_PP1P__62,VSS,Metal1,7.6450,60.3450,0.000152
B\[2\]$_SDFFE_PP1P__61,VSS,Metal1,56.1250,67.9050,0.000701
BN\[2\]$_SDFFE_PP1P__60,VSS,Metal1,70.5950,68.1750,0.000703
dbit\[3\]$_SDFFE_PP1P__59,VSS,Metal1,35.9650,22.5450,0.000207
BN\[3\]$_SDFFE_PP1P__58,VSS,Metal1,63.8050,22.8150,0.000211
B\[3\]$_SDFFE_PP1P__57,VSS,Metal1,73.4750,30.3750,0.000542
BN\[4\]$_SDFFE_PP1P__56,VSS,Metal1,10.0450,45.4950,0.000362
B\[9\]$_SDFFE_PP1P__55,VSS,Metal1,8.1250,68.1750,0.000697
BN\[5\]$_SDFFE_PP1P__54,VSS,Metal1,24.9250,75.7350,0.000178
B\[4\]$_SDFFE_PP1P__53,VSS,Metal1,11.9650,45.4950,0.000362
BN\[6\]$_SDFFE_PP1P__52,VSS,Metal1,54.2750,75.7350,0.000179
dbit\[2\]$_SDFFE_PP0P__51,VSS,Metal1,33.5650,30.1050,0.000500
BN\[7\]$_SDFFE_PP1P__50,VSS,Metal1,66.7550,75.4650,0.000181
B\[5\]$_SDFFE_PP1P__49,VSS,Metal1,23.0050,75.7350,0.000179
BN\[8\]$_SDFFE_PP1P__48,VSS,Metal1,10.5250,22.8150,0.000206
dbit\[0\]$_SDFFE_PP1P__47,VSS,Metal1,39.8050,30.3750,0.000519
BN\[9\]$_SDFFE_PP1P__46,VSS,Metal1,12.9250,75.4650,0.000179
B\[6\]$_SDFFE_PP1P__45,VSS,Metal1,49.4750,83.0250,0.000007
B\[0\]$_SDFFE_PP1P__44,VSS,Metal1,12.4450,22.8150,0.000206
BN\[0\]$_SDFFE_PP1P__43,VSS,Metal1,17.7250,22.5450,0.000206
B\[10\]$_SDFFE_PP1P__42,VSS,Metal1,38.4350,83.0250,0.000007
B\[7\]$_SDFFE_PP1P__41,VSS,Metal1,68.6750,68.1750,0.000703
fanout16,VSS,Metal1,32.8160,45.6650,0.000367
fanout15,VSS,Metal1,39.8050,52.7070,0.000272
fanout14,VSS,Metal1,36.9170,45.0570,0.000371
fanout13,VSS,Metal1,13.9550,45.5720,0.000362
fanout12,VSS,Metal1,30.2820,45.0570,0.000366
fanout11,VSS,Metal1,43.6370,53.2220,0.000275
fanout10,VSS,Metal1,46.1220,60.1770,0.000153
fanout9,VSS,Metal1,47.9650,45.1470,0.000378
fanout8,VSS,Metal1,50.3570,45.6620,0.000378
fanout7,VSS,Metal1,58.0450,53.1320,0.000298
fanout6,VSS,Metal1,43.7220,45.0570,0.000376
fanout5,VSS,Metal1,44.1250,37.5870,0.000506
fanout4,VSS,Metal1,53.3220,30.5420,0.000538
fanout3,VSS,Metal1,56.6820,45.6620,0.000380
fanout2,VSS,Metal1,53.8020,53.2220,0.000280
fanout1,VSS,Metal1,37.4820,45.6620,0.000371
dbit\[3\]$_SDFFE_PP1P_,VSS,Metal1,44.9940,22.3260,0.000210
dbit\[2\]$_SDFFE_PP0P_,VSS,Metal1,46.9140,23.0330,0.000210
dbit\[1\]$_SDFFE_PP1P_,VSS,Metal1,52.1940,38.1530,0.000509
dbit\[0\]$_SDFFE_PP1P_,VSS,Metal1,48.5850,29.9470,0.000537
_204_,VSS,Metal1,68.1250,22.8920,0.000211
_175_,VSS,Metal1,36.8780,29.5550,0.000509
_174_,VSS,Metal1,40.5730,15.4300,0.000056
_173_,VSS,Metal1,41.7950,30.3950,0.000520
_172_,VSS,Metal1,36.9670,30.4070,0.000509
_171_,VSS,Metal1,41.2870,37.6320,0.000504
_170_,VSS,Metal1,38.1760,37.5830,0.000501
_169_,VSS,Metal1,32.6750,37.9550,0.000492
_168_,VSS,Metal1,29.7250,30.3950,0.000461
_167_,VSS,Metal1,31.9330,30.5500,0.000462
_166_,VSS,Metal1,35.4380,37.1150,0.000498
_165_,VSS,Metal1,42.5700,38.0710,0.000505
_164_,VSS,Metal1,23.5520,30.5090,0.000450
_163_,VSS,Metal1,69.5670,45.6290,0.000380
_162_,VSS,Metal1,57.5670,75.8690,0.000179
_161_,VSS,Metal1,32.6070,75.8690,0.000178
_160_,VSS,Metal1,24.0320,45.0900,0.000362
_159_,VSS,Metal1,70.0470,45.0900,0.000380
_158_,VSS,Metal1,68.6070,60.2100,0.000193
_157_,VSS,Metal1,24.0320,53.1890,0.000258
_156_,VSS,Metal1,31.1670,22.9490,0.000206
_155_,VSS,Metal1,46.0470,68.3090,0.000701
_154_,VSS,Metal1,21.6320,75.3300,0.000179
_153_,VSS,Metal1,65.8110,22.8600,0.000211
_152_,VSS,Metal1,32.7210,61.1640,0.000152
_151_,VSS,Metal1,9.4450,60.2270,0.000152
_150_,VSS,Metal1,13.3580,37.1150,0.000446
_149_,VSS,Metal1,14.2450,22.9320,0.000206
_148_,VSS,Metal1,58.1610,52.2350,0.000298
_147_,VSS,Metal1,54.2050,60.2270,0.000188
_146_,VSS,Metal1,53.1980,61.1640,0.000188
_145_,VSS,Metal1,65.4350,60.2270,0.000193
_144_,VSS,Metal1,26.3180,59.7950,0.000151
_143_,VSS,Metal1,28.9550,60.2270,0.000151
_142_,VSS,Metal1,28.2380,38.4840,0.000447
_141_,VSS,Metal1,30.8750,38.0520,0.000489
_140_,VSS,Metal1,61.8380,23.3640,0.000211
_139_,VSS,Metal1,60.9250,45.6120,0.000380
_138_,VSS,Metal1,55.7610,61.1640,0.000189
_137_,VSS,Metal1,49.2850,60.7320,0.000185
_136_,VSS,Metal1,27.2780,52.2350,0.000261
_135_,VSS,Metal1,29.9150,52.6670,0.000261
_134_,VSS,Metal1,38.3180,53.6040,0.000269
_133_,VSS,Metal1,36.9250,52.6670,0.000267
_132_,VSS,Metal1,41.1980,74.9150,0.000179
_131_,VSS,Metal1,38.2450,60.7320,0.000152
_130_,VSS,Metal1,21.0380,21.9950,0.000206
_129_,VSS,Metal1,27.5150,30.4920,0.000453
_128_,VSS,Metal1,45.1000,52.6300,0.000275
_127_,VSS,Metal1,14.3180,61.1640,0.000152
_126_,VSS,Metal1,27.9950,53.1720,0.000261
_125_,VSS,Metal1,22.1610,23.3640,0.000206
_124_,VSS,Metal1,26.2450,29.9870,0.000453
_123_,VSS,Metal1,53.3610,44.6750,0.000380
_122_,VSS,Metal1,49.4050,52.6670,0.000276
_121_,VSS,Metal1,57.0380,82.4750,0.000008
_120_,VSS,Metal1,62.0750,52.6670,0.000300
_119_,VSS,Metal1,30.6380,61.1640,0.000152
_118_,VSS,Metal1,36.6350,60.7320,0.000152
_117_,VSS,Metal1,26.7980,46.0440,0.000363
_116_,VSS,Metal1,30.8750,37.5470,0.000489
_115_,VSS,Metal1,47.0100,37.4250,0.000509
_114_,VSS,Metal1,51.2780,44.6750,0.000378
_113_,VSS,Metal1,54.2750,22.9320,0.000210
_112_,VSS,Metal1,58.4780,59.7950,0.000190
_111_,VSS,Metal1,61.5950,45.1070,0.000380
_110_,VSS,Metal1,23.9180,52.2350,0.000258
_109_,VSS,Metal1,30.3950,53.1720,0.000261
_108_,VSS,Metal1,34.5300,52.5450,0.000266
_107_,VSS,Metal1,59.4380,21.9950,0.000210
_106_,VSS,Metal1,44.1250,30.4920,0.000537
_105_,VSS,Metal1,42.1580,61.1640,0.000152
_104_,VSS,Metal1,50.2450,60.2270,0.000186
_103_,VSS,Metal1,38.8500,38.1750,0.000501
_102_,VSS,Metal1,48.0300,53.2950,0.000276
_101_,VSS,Metal1,27.7580,23.3640,0.000206
_100_,VSS,Metal1,29.9150,45.6120,0.000366
_099_,VSS,Metal1,49.9270,37.5140,0.000509
_098_,VSS,Metal1,34.1310,30.4200,0.000500
_097_,VSS,Metal1,35.5270,38.0850,0.000498
_096_,VSS,Metal1,47.5000,52.6300,0.000276
B\[9\]$_SDFFE_PP1P_,VSS,Metal1,15.7350,67.7470,0.000697
B\[8\]$_SDFFE_PP1P_,VSS,Metal1,14.5050,30.5320,0.000478
B\[7\]$_SDFFE_PP1P_,VSS,Metal1,65.3850,53.2120,0.000300
B\[6\]$_SDFFE_PP1P_,VSS,Metal1,52.9050,75.3070,0.000179
B\[5\]$_SDFFE_PP1P_,VSS,Metal1,30.3450,68.3320,0.000692
B\[4\]$_SDFFE_PP1P_,VSS,Metal1,15.2550,38.0920,0.000446
B\[3\]$_SDFFE_PP1P_,VSS,Metal1,69.2250,38.0920,0.000512
B\[2\]$_SDFFE_PP1P_,VSS,Metal1,63.4650,67.7470,0.000703
B\[1\]$_SDFFE_PP1P_,VSS,Metal1,15.2550,52.6270,0.000262
B\[11\]$_SDFFE_PP1P_,VSS,Metal1,37.7940,60.1260,0.000152
B\[10\]$_SDFFE_PP1P_,VSS,Metal1,41.3850,75.8920,0.000179
B\[0\]$_SDFFE_PP1P_,VSS,Metal1,25.5450,15.4120,0.000056
BN\[9\]$_SDFFE_PP1P_,VSS,Metal1,15.7350,68.3320,0.000697
BN\[8\]$_SDFFE_PP1P_,VSS,Metal1,14.7750,29.9470,0.000478
BN\[7\]$_SDFFE_PP1P_,VSS,Metal1,69.2250,52.6270,0.000300
BN\[6\]$_SDFFE_PP1P_,VSS,Metal1,54.8250,68.3320,0.000701
BN\[5\]$_SDFFE_PP1P_,VSS,Metal1,30.3450,75.3070,0.000178
BN\[4\]$_SDFFE_PP1P_,VSS,Metal1,15.2550,45.0670,0.000362
BN\[3\]$_SDFFE_PP1P_,VSS,Metal1,68.2650,37.5070,0.000512
BN\[2\]$_SDFFE_PP1P_,VSS,Metal1,70.1850,60.7720,0.000193
BN\[1\]$_SDFFE_PP1P_,VSS,Metal1,15.2550,53.2120,0.000262
BN\[11\]$_SDFFE_PP1P_,VSS,Metal1,62.9850,29.9470,0.000542
BN\[10\]$_SDFFE_PP1P_,VSS,Metal1,44.2650,67.7470,0.000701
BN\[0\]$_SDFFE_PP1P_,VSS,Metal1,28.4250,22.3870,0.000206
